1987,222,0.25,1.9,-1.0,1.5,-1.0,-1.0,-1.0,19.5,17.6,0.00,0,10-AUG-87,11.
1987,222,0.75,2.0,-1.0,1.5,-1.0,-1.0,-1.0,19.6,17.5,0.00,0,10-AUG-87,11.
1987,222,1.25,1.7,-1.0,1.5,-1.0,-1.0,-1.0,19.5,17.5,0.00,0,10-AUG-87,11.
1987,222,1.75,2.6,-1.0,1.5,-1.0,-1.0,-1.0,18.3,17.5,0.00,0,10-AUG-87,11.
1987,222,2.25,3.0,-1.0,1.5,-1.0,-1.0,-1.0,18.2,17.7,0.00,0,10-AUG-87,11.
1987,222,2.75,2.7,-1.0,1.5,-1.0,-1.0,-1.0,17.8,17.6,0.00,0,10-AUG-87,11.
1987,222,3.25,2.3,-1.0,1.5,-1.0,-1.0,-1.0,17.1,17.4,0.00,0,10-AUG-87,11.
1987,222,3.75,2.6,-1.0,1.5,-1.0,-1.0,-1.0,17.2,17.7,0.00,0,10-AUG-87,11.
1987,222,4.25,2.3,-1.0,1.7,-1.0,-1.0,-1.0,16.9,17.5,0.00,0,10-AUG-87,11.
1987,222,4.75,2.4,-1.0,2.0,-1.0,-1.0,-1.0,16.6,17.3,0.00,0,10-AUG-87,11.
1987,222,5.25,2.6,-1.0,2.2,-1.0,-1.0,-1.0,16.8,17.5,0.00,0,10-AUG-87,11.
1987,222,5.75,2.5,-1.0,15.4,-1.0,-1.0,-1.0,17.1,17.7,0.00,0,10-AUG-87,11.
1987,222,6.25,2.2,-1.0,80.0,-1.0,-1.0,-1.0,18.2,18.5,0.00,0,10-AUG-87,11.
1987,222,6.75,2.2,-1.0,166.1,-1.0,-1.0,-1.0,19.6,19.7,0.00,0,10-AUG-87,11.
1987,222,7.25,2.4,-1.0,260.4,-1.0,-1.0,-1.0,21.0,20.1,0.00,0,10-AUG-87,11.
1987,222,7.75,3.3,-1.0,361.4,-1.0,-1.0,-1.0,22.2,20.4,0.00,0,10-AUG-87,11.
1987,222,8.25,3.7,-1.0,466.7,-1.0,-1.0,-1.0,23.5,19.9,0.00,0,10-AUG-87,11.
1987,222,8.75,3.7,-1.0,516.4,-1.0,-1.0,-1.0,23.9,19.3,0.00,0,10-AUG-87,11.
1987,222,9.25,3.3,-1.0,607.6,-1.0,-1.0,-1.0,24.8,19.0,0.00,0,10-AUG-87,11.
1987,222,9.75,2.5,-1.0,769.8,-1.0,-1.0,-1.0,25.1,18.6,0.00,0,10-AUG-87,11.
1987,222,10.25,2.5,-1.0,806.6,-1.0,-1.0,-1.0,25.9,19.0,0.00,0,10-AUG-87,11.
1987,222,10.75,3.4,-1.0,853.9,-1.0,-1.0,-1.0,27.0,18.7,0.00,0,10-AUG-87,11.
1987,222,11.25,2.7,-1.0,862.9,-1.0,-1.0,-1.0,27.5,18.1,0.00,0,10-AUG-87,11.
1987,222,11.75,2.8,-1.0,931.7,-1.0,-1.0,-1.0,28.1,17.8,0.00,0,10-AUG-87,11.
1987,222,12.25,2.8,-1.0,942.9,-1.0,-1.0,-1.0,28.6,17.5,0.00,0,10-AUG-87,11.
1987,222,12.75,3.0,-1.0,944.6,-1.0,-1.0,-1.0,29.3,17.6,0.00,0,10-AUG-87,11.
1987,222,13.25,3.1,-1.0,934.6,-1.0,-1.0,-1.0,29.7,17.3,0.00,0,10-AUG-87,11.
1987,222,13.75,4.3,-1.0,883.9,-1.0,-1.0,-1.0,30.2,17.3,0.00,0,10-AUG-87,11.
1987,222,14.25,4.4,-1.0,876.1,-1.0,-1.0,-1.0,30.3,17.4,0.00,0,10-AUG-87,11.
1987,222,14.75,4.1,-1.0,832.5,-1.0,-1.0,-1.0,30.4,16.9,0.00,0,10-AUG-87,11.
1987,222,15.25,4.8,-1.0,743.2,-1.0,-1.0,-1.0,30.6,16.7,0.00,0,10-AUG-87,11.
1987,222,15.75,5.1,-1.0,674.2,-1.0,-1.0,-1.0,30.1,16.4,0.00,0,10-AUG-87,11.
1987,222,16.25,4.8,-1.0,565.2,-1.0,-1.0,-1.0,30.2,15.8,0.00,0,10-AUG-87,11.
1987,222,16.75,4.9,-1.0,473.3,-1.0,-1.0,-1.0,29.9,15.2,0.00,0,10-AUG-87,11.
1987,222,17.25,4.9,-1.0,370.9,-1.0,-1.0,-1.0,29.4,15.5,0.00,0,10-AUG-87,11.
1987,222,17.75,4.4,-1.0,267.7,-1.0,-1.0,-1.0,28.9,15.8,0.00,0,10-AUG-87,11.
1987,222,18.25,4.6,-1.0,69.0,-1.0,-1.0,-1.0,28.1,16.1,0.00,0,10-AUG-87,11.
1987,222,18.75,3.6,-1.0,54.1,-1.0,-1.0,-1.0,26.7,16.4,0.00,0,10-AUG-87,11.
1987,222,19.25,2.7,-1.0,15.9,-1.0,-1.0,-1.0,24.3,16.9,0.00,0,10-AUG-87,11.
1987,222,19.75,2.6,-1.0,2.0,-1.0,-1.0,-1.0,22.2,17.0,0.00,0,10-AUG-87,11.
1987,222,20.25,2.8,-1.0,2.0,-1.0,-1.0,-1.0,21.4,17.0,0.00,0,10-AUG-87,11.
1987,222,20.75,2.9,-1.0,1.7,-1.0,-1.0,-1.0,20.9,17.0,0.00,0,10-AUG-87,11.
1987,222,21.25,2.9,-1.0,2.9,-1.0,-1.0,-1.0,20.5,17.0,0.00,0,10-AUG-87,11.
1987,222,21.75,2.7,-1.0,2.9,-1.0,-1.0,-1.0,20.2,17.0,0.00,0,10-AUG-87,11.
1987,222,22.25,2.8,-1.0,1.5,-1.0,-1.0,-1.0,20.1,17.3,0.00,0,10-AUG-87,11.
1987,222,22.75,2.3,-1.0,0.7,-1.0,-1.0,-1.0,19.6,17.7,0.00,0,10-AUG-87,11.
1987,222,23.25,2.3,-1.0,3.7,-1.0,-1.0,-1.0,19.7,17.9,0.00,0,10-AUG-87,11.
1987,222,23.75,2.1,-1.0,3.4,-1.0,-1.0,-1.0,19.7,18.1,0.00,0,10-AUG-87,11.
1987,223,0.25,2.2,-1.0,2.2,-1.0,-1.0,-1.0,19.4,18.2,0.00,0,11-AUG-87,11.
1987,223,0.75,2.0,-1.0,1.5,-1.0,-1.0,-1.0,19.6,18.3,0.00,0,11-AUG-87,11.
1987,223,1.25,2.2,-1.0,2.0,-1.0,-1.0,-1.0,19.9,18.6,0.00,0,11-AUG-87,11.
1987,223,1.75,2.4,-1.0,2.4,-1.0,-1.0,-1.0,19.4,18.7,0.00,0,11-AUG-87,11.
1987,223,2.25,2.0,-1.0,1.5,-1.0,-1.0,-1.0,18.8,18.4,0.00,0,11-AUG-87,11.
1987,223,2.75,2.3,-1.0,1.7,-1.0,-1.0,-1.0,18.4,18.3,0.00,0,11-AUG-87,11.
1987,223,3.25,1.7,-1.0,1.7,-1.0,-1.0,-1.0,19.2,18.4,0.00,0,11-AUG-87,11.
1987,223,3.75,2.2,-1.0,1.5,-1.0,-1.0,-1.0,18.9,18.3,0.00,0,11-AUG-87,11.
1987,223,4.25,2.4,-1.0,1.5,-1.0,-1.0,-1.0,18.7,18.2,0.00,0,11-AUG-87,11.
1987,223,4.75,2.7,-1.0,1.2,-1.0,-1.0,-1.0,18.8,18.1,0.00,0,11-AUG-87,11.
1987,223,5.25,2.6,-1.0,1.5,-1.0,-1.0,-1.0,18.7,17.9,0.00,0,11-AUG-87,11.
1987,223,5.75,2.6,-1.0,15.4,-1.0,-1.0,-1.0,18.6,17.7,0.00,0,11-AUG-87,11.
1987,223,6.25,1.9,-1.0,74.9,-1.0,-1.0,-1.0,19.4,18.0,0.00,0,11-AUG-87,11.
1987,223,6.75,1.6,-1.0,160.0,-1.0,-1.0,-1.0,20.3,18.9,0.00,0,11-AUG-87,11.
1987,223,7.25,1.3,-1.0,255.3,-1.0,-1.0,-1.0,21.7,19.6,0.00,0,11-AUG-87,11.
1987,223,7.75,1.6,-1.0,351.6,-1.0,-1.0,-1.0,23.2,20.0,0.00,0,11-AUG-87,11.
1987,223,8.25,1.4,-1.0,450.4,-1.0,-1.0,-1.0,24.9,20.3,0.00,0,11-AUG-87,11.
1987,223,8.75,1.3,-1.0,543.3,-1.0,-1.0,-1.0,26.3,20.2,0.00,0,11-AUG-87,11.
1987,223,9.25,0.7,-1.0,632.5,-1.0,-1.0,-1.0,27.2,19.8,0.00,0,11-AUG-87,11.
1987,223,9.75,0.8,-1.0,718.6,-1.0,-1.0,-1.0,28.2,18.4,0.00,0,11-AUG-87,11.
1987,223,10.25,1.0,-1.0,787.6,-1.0,-1.0,-1.0,29.1,18.4,0.00,0,11-AUG-87,11.
1987,223,10.75,1.0,-1.0,843.7,-1.0,-1.0,-1.0,29.5,19.1,0.00,0,11-AUG-87,11.
1987,223,11.25,0.5,-1.0,891.9,-1.0,-1.0,-1.0,30.3,20.2,0.00,0,11-AUG-87,11.
1987,223,11.75,1.3,-1.0,924.6,-1.0,-1.0,-1.0,30.7,20.6,0.00,0,11-AUG-87,11.
1987,223,12.25,1.5,-1.0,939.0,-1.0,-1.0,-1.0,31.4,20.4,0.00,0,11-AUG-87,11.
1987,223,12.75,0.6,-1.0,900.0,-1.0,-1.0,-1.0,31.6,20.7,0.00,0,11-AUG-87,11.
1987,223,13.25,1.6,-1.0,687.1,-1.0,-1.0,-1.0,32.5,19.7,0.00,0,11-AUG-87,11.
1987,223,13.75,1.0,-1.0,943.9,-1.0,-1.0,-1.0,33.2,19.6,0.00,0,11-AUG-87,11.
1987,223,14.25,1.6,-1.0,862.0,-1.0,-1.0,-1.0,33.4,19.2,0.00,0,11-AUG-87,11.
1987,223,14.75,1.4,-1.0,796.4,-1.0,-1.0,-1.0,33.6,18.9,0.00,0,11-AUG-87,11.
1987,223,15.25,2.1,-1.0,726.9,-1.0,-1.0,-1.0,34.0,19.5,0.00,0,11-AUG-87,11.
1987,223,15.75,2.6,-1.0,643.5,-1.0,-1.0,-1.0,34.3,19.2,0.00,0,11-AUG-87,11.
1987,223,16.25,1.8,-1.0,558.4,-1.0,-1.0,-1.0,33.8,19.2,0.00,0,11-AUG-87,11.
1987,223,16.75,2.2,-1.0,462.1,-1.0,-1.0,-1.0,33.9,19.6,0.00,0,11-AUG-87,11.
1987,223,17.25,2.9,-1.0,352.8,-1.0,-1.0,-1.0,33.5,19.7,0.00,0,11-AUG-87,11.
1987,223,17.75,2.9,-1.0,253.3,-1.0,-1.0,-1.0,33.0,19.9,0.00,0,11-AUG-87,11.
1987,223,18.25,3.9,-1.0,70.0,-1.0,-1.0,-1.0,32.0,20.2,0.00,0,11-AUG-87,11.
1987,223,18.75,3.4,-1.0,24.6,-1.0,-1.0,-1.0,30.0,20.4,0.00,0,11-AUG-87,11.
1987,223,19.25,3.7,-1.0,10.0,-1.0,-1.0,-1.0,28.4,20.9,0.00,0,11-AUG-87,11.
1987,223,19.75,3.9,-1.0,2.0,-1.0,-1.0,-1.0,27.7,21.5,0.00,0,11-AUG-87,11.
1987,223,20.25,3.6,-1.0,2.7,-1.0,-1.0,-1.0,26.7,21.6,0.00,0,11-AUG-87,11.
1987,223,20.75,3.7,-1.0,2.2,-1.0,-1.0,-1.0,26.0,21.9,0.00,0,11-AUG-87,11.
1987,223,21.25,3.8,-1.0,1.5,-1.0,-1.0,-1.0,25.5,22.5,0.00,0,11-AUG-87,11.
1987,223,21.75,4.1,-1.0,2.7,-1.0,-1.0,-1.0,25.5,23.1,0.00,0,11-AUG-87,11.
1987,223,22.25,4.3,-1.0,2.9,-1.0,-1.0,-1.0,25.2,23.2,0.00,0,11-AUG-87,11.
1987,223,22.75,4.9,-1.0,2.0,-1.0,-1.0,-1.0,25.2,23.3,0.00,0,11-AUG-87,11.
1987,223,23.25,5.0,-1.0,1.5,-1.0,-1.0,-1.0,24.9,23.6,0.00,0,11-AUG-87,11.
1987,223,23.75,5.3,-1.0,1.7,-1.0,-1.0,-1.0,25.0,24.1,0.00,0,11-AUG-87,11.
1987,224,0.25,4.7,-1.0,1.5,-1.0,-1.0,-1.0,24.7,24.1,0.00,0,12-AUG-87,11.
1987,224,0.75,4.9,-1.0,1.5,-1.0,-1.0,-1.0,24.5,24.2,0.00,0,12-AUG-87,11.
1987,224,1.25,5.1,-1.0,1.5,-1.0,-1.0,-1.0,24.3,24.5,0.00,0,12-AUG-87,11.
1987,224,1.75,4.6,-1.0,1.0,-1.0,-1.0,-1.0,24.0,24.7,0.00,0,12-AUG-87,11.
1987,224,2.25,4.5,-1.0,1.5,-1.0,-1.0,-1.0,23.8,24.9,0.00,0,12-AUG-87,11.
1987,224,2.75,4.4,-1.0,1.5,-1.0,-1.0,-1.0,23.6,25.0,0.00,0,12-AUG-87,11.
1987,224,3.25,4.4,-1.0,1.5,-1.0,-1.0,-1.0,23.5,25.2,0.00,0,12-AUG-87,11.
1987,224,3.75,4.3,-1.0,1.5,-1.0,-1.0,-1.0,23.5,25.3,0.00,0,12-AUG-87,11.
1987,224,4.25,4.4,-1.0,1.5,-1.0,-1.0,-1.0,23.7,25.4,0.00,0,12-AUG-87,11.
1987,224,4.75,5.1,-1.0,1.5,-1.0,-1.0,-1.0,24.0,25.5,0.00,0,12-AUG-87,11.
1987,224,5.25,5.8,-1.0,3.0,-1.0,-1.0,-1.0,24.5,25.7,0.00,0,12-AUG-87,11.
1987,224,5.75,5.3,-1.0,4.5,-1.0,-1.0,-1.0,24.3,26.3,0.00,0,12-AUG-87,11.
1987,224,6.25,5.2,-1.0,6.1,-1.0,-1.0,-1.0,23.9,26.3,0.00,0,12-AUG-87,11.
1987,224,6.75,6.5,-1.0,4.2,-1.0,-1.0,-1.0,23.0,25.0,4.57,0,12-AUG-87,11.
1987,224,7.25,5.3,-1.0,5.6,-1.0,-1.0,-1.0,22.0,24.4,6.10,0,12-AUG-87,11.
1987,224,7.75,3.7,-1.0,10.5,-1.0,-1.0,-1.0,21.8,24.8,1.52,0,12-AUG-87,11.
1987,224,8.25,1.2,-1.0,29.8,-1.0,-1.0,-1.0,21.9,25.0,1.02,0,12-AUG-87,11.
1987,224,8.75,0.6,-1.0,91.4,-1.0,-1.0,-1.0,22.2,25.5,0.00,0,12-AUG-87,11.
1987,224,9.25,0.6,-1.0,91.2,-1.0,-1.0,-1.0,22.4,25.5,0.25,0,12-AUG-87,11.
1987,224,9.75,2.1,-1.0,191.6,-1.0,-1.0,-1.0,22.8,26.0,0.00,0,12-AUG-87,11.
1987,224,10.25,2.4,-1.0,335.3,-1.0,-1.0,-1.0,23.6,27.3,0.00,0,12-AUG-87,11.
1987,224,10.75,1.3,-1.0,227.7,-1.0,-1.0,-1.0,23.9,27.2,0.00,0,12-AUG-87,11.
1987,224,11.25,1.5,-1.0,142.4,-1.0,-1.0,-1.0,24.3,27.5,0.00,0,12-AUG-87,11.
1987,224,11.75,1.6,-1.0,109.5,-1.0,-1.0,-1.0,24.1,27.7,0.00,0,12-AUG-87,11.
1987,224,12.25,0.9,-1.0,119.0,-1.0,-1.0,-1.0,24.2,27.6,0.00,0,12-AUG-87,11.
1987,224,12.75,0.8,-1.0,138.3,-1.0,-1.0,-1.0,24.4,27.4,0.00,0,12-AUG-87,11.
1987,224,13.25,2.6,-1.0,489.1,-1.0,-1.0,-1.0,25.0,27.5,0.00,0,12-AUG-87,11.
1987,224,13.75,2.5,-1.0,497.7,-1.0,-1.0,-1.0,26.4,25.0,0.00,0,12-AUG-87,11.
1987,224,14.25,2.0,-1.0,136.3,-1.0,-1.0,-1.0,26.4,25.4,0.00,0,12-AUG-87,11.
1987,224,14.75,1.7,-1.0,304.5,-1.0,-1.0,-1.0,27.7,25.0,0.00,0,12-AUG-87,11.
1987,224,15.25,1.5,-1.0,352.6,-1.0,-1.0,-1.0,27.8,24.8,0.00,0,12-AUG-87,11.
1987,224,15.75,4.1,-1.0,379.4,-1.0,-1.0,-1.0,27.5,26.7,0.00,0,12-AUG-87,11.
1987,224,16.25,4.3,-1.0,458.9,-1.0,-1.0,-1.0,27.3,26.9,0.00,0,12-AUG-87,11.
1987,224,16.75,4.8,-1.0,143.1,-1.0,-1.0,-1.0,26.3,26.7,0.00,0,12-AUG-87,11.
1987,224,17.25,4.7,-1.0,24.6,-1.0,-1.0,-1.0,24.7,27.4,0.00,0,12-AUG-87,11.
1987,224,17.75,4.9,-1.0,34.6,-1.0,-1.0,-1.0,24.6,27.5,0.00,0,12-AUG-87,11.
1987,224,18.25,3.2,-1.0,11.5,-1.0,-1.0,-1.0,23.9,26.3,0.00,0,12-AUG-87,11.
1987,224,18.75,6.9,-1.0,7.1,-1.0,-1.0,-1.0,23.1,25.4,10.25,0,12-AUG-87,11.
1987,224,19.25,7.3,-1.0,1.7,-1.0,-1.0,-1.0,22.1,25.3,12.03,0,12-AUG-87,11.
1987,224,19.75,5.6,-1.0,2.0,-1.0,-1.0,-1.0,20.9,24.0,15.60,0,12-AUG-87,11.
1987,224,20.25,6.9,-1.0,2.4,-1.0,-1.0,-1.0,21.0,24.1,2.54,0,12-AUG-87,11.
1987,224,20.75,3.4,-1.0,1.7,-1.0,-1.0,-1.0,21.0,24.4,2.28,0,12-AUG-87,11.
1987,224,21.25,2.5,-1.0,2.9,-1.0,-1.0,-1.0,20.9,24.2,2.03,0,12-AUG-87,11.
1987,224,21.75,3.0,-1.0,2.9,-1.0,-1.0,-1.0,21.1,24.5,1.27,0,12-AUG-87,11.
1987,224,22.25,4.1,-1.0,3.2,-1.0,-1.0,-1.0,21.3,24.9,1.53,0,12-AUG-87,11.
1987,224,22.75,3.2,-1.0,2.0,-1.0,-1.0,-1.0,20.9,24.3,1.01,0,12-AUG-87,11.
1987,224,23.25,4.1,-1.0,2.9,-1.0,-1.0,-1.0,20.7,23.9,0.00,0,12-AUG-87,11.
1987,224,23.75,3.7,-1.0,2.9,-1.0,-1.0,-1.0,20.7,24.0,0.26,0,12-AUG-87,11.
1987,225,0.25,2.3,-1.0,2.9,-1.0,-1.0,-1.0,20.9,24.3,0.00,0,13-AUG-87,11.
1987,225,0.75,1.7,-1.0,2.9,-1.0,-1.0,-1.0,20.8,24.2,0.00,0,13-AUG-87,11.
1987,225,1.25,1.7,-1.0,2.9,-1.0,-1.0,-1.0,20.6,24.1,0.00,0,13-AUG-87,11.
1987,225,1.75,0.5,-1.0,2.0,-1.0,-1.0,-1.0,20.8,23.9,0.00,0,13-AUG-87,11.
1987,225,2.25,0.1,-1.0,2.7,-1.0,-1.0,-1.0,20.9,23.9,0.00,0,13-AUG-87,11.
1987,225,2.75,0.6,-1.0,2.9,-1.0,-1.0,-1.0,20.8,23.7,0.00,0,13-AUG-87,11.
1987,225,3.25,0.7,-1.0,3.4,-1.0,-1.0,-1.0,20.9,23.8,0.00,0,13-AUG-87,11.
1987,225,3.75,1.8,-1.0,2.9,-1.0,-1.0,-1.0,20.9,23.8,0.00,0,13-AUG-87,11.
1987,225,4.25,2.7,-1.0,2.9,-1.0,-1.0,-1.0,20.7,23.9,0.00,0,13-AUG-87,11.
1987,225,4.75,3.5,-1.0,3.2,-1.0,-1.0,-1.0,20.6,23.7,0.00,0,13-AUG-87,11.
1987,225,5.25,1.7,-1.0,2.9,-1.0,-1.0,-1.0,20.5,23.7,0.00,0,13-AUG-87,11.
1987,225,5.75,0.5,-1.0,5.4,-1.0,-1.0,-1.0,20.6,23.8,0.00,0,13-AUG-87,11.
1987,225,6.25,0.1,-1.0,19.8,-1.0,-1.0,-1.0,20.7,23.9,0.00,0,13-AUG-87,11.
1987,225,6.75,0.3,-1.0,35.8,-1.0,-1.0,-1.0,20.9,24.1,0.00,0,13-AUG-87,11.
1987,225,7.25,0.6,-1.0,51.0,-1.0,-1.0,-1.0,21.0,24.2,0.00,0,13-AUG-87,11.
1987,225,7.75,1.6,-1.0,60.2,-1.0,-1.0,-1.0,21.2,24.4,0.00,0,13-AUG-87,11.
1987,225,8.25,2.1,-1.0,164.3,-1.0,-1.0,-1.0,21.5,24.8,0.00,0,13-AUG-87,11.
1987,225,8.75,2.6,-1.0,168.3,-1.0,-1.0,-1.0,21.9,25.1,0.00,0,13-AUG-87,11.
1987,225,9.25,1.9,-1.0,258.0,-1.0,-1.0,-1.0,22.6,25.5,0.00,0,13-AUG-87,11.
1987,225,9.75,1.2,-1.0,193.9,-1.0,-1.0,-1.0,23.1,25.3,0.00,0,13-AUG-87,11.
1987,225,10.25,1.2,-1.0,195.3,-1.0,-1.0,-1.0,23.3,25.4,0.00,0,13-AUG-87,11.
1987,225,10.75,1.5,-1.0,486.7,-1.0,-1.0,-1.0,23.7,25.4,0.00,0,13-AUG-87,11.
1987,225,11.25,0.6,-1.0,367.2,-1.0,-1.0,-1.0,24.1,25.1,0.00,0,13-AUG-87,11.
1987,225,11.75,0.2,-1.0,581.3,-1.0,-1.0,-1.0,24.7,25.0,0.00,0,13-AUG-87,11.
1987,225,12.25,0.5,-1.0,477.4,-1.0,-1.0,-1.0,25.1,25.0,0.00,0,13-AUG-87,11.
1987,225,12.75,0.9,-1.0,491.6,-1.0,-1.0,-1.0,25.5,24.8,0.00,0,13-AUG-87,11.
1987,225,13.25,1.3,-1.0,483.3,-1.0,-1.0,-1.0,25.4,25.1,0.00,0,13-AUG-87,11.
1987,225,13.75,1.7,-1.0,209.7,-1.0,-1.0,-1.0,25.8,25.6,0.00,0,13-AUG-87,11.
1987,225,14.25,1.5,-1.0,669.6,-1.0,-1.0,-1.0,26.9,25.9,0.00,0,13-AUG-87,11.
1987,225,14.75,0.6,-1.0,555.9,-1.0,-1.0,-1.0,27.0,25.6,0.00,0,13-AUG-87,11.
1987,225,15.25,3.0,-1.0,230.4,-1.0,-1.0,-1.0,25.7,26.5,0.00,0,13-AUG-87,11.
1987,225,15.75,3.6,-1.0,135.6,-1.0,-1.0,-1.0,24.1,27.6,0.76,0,13-AUG-87,11.
1987,225,16.25,2.4,-1.0,138.5,-1.0,-1.0,-1.0,24.6,27.9,0.25,0,13-AUG-87,11.
1987,225,16.75,1.2,-1.0,112.2,-1.0,-1.0,-1.0,24.7,27.7,0.00,0,13-AUG-87,11.
1987,225,17.25,2.1,-1.0,86.6,-1.0,-1.0,-1.0,24.3,27.6,0.00,0,13-AUG-87,11.
1987,225,17.75,1.9,-1.0,26.8,-1.0,-1.0,-1.0,23.3,26.5,0.00,0,13-AUG-87,11.
1987,225,18.25,0.5,-1.0,11.9,-1.0,-1.0,-1.0,23.5,26.9,0.00,0,13-AUG-87,11.
1987,225,18.75,1.2,-1.0,11.7,-1.0,-1.0,-1.0,23.5,27.1,0.00,0,13-AUG-87,11.
1987,225,19.25,1.1,-1.0,7.3,-1.0,-1.0,-1.0,23.3,26.4,0.00,0,13-AUG-87,11.
1987,225,19.75,0.2,-1.0,1.2,-1.0,-1.0,-1.0,23.3,26.0,0.00,0,13-AUG-87,11.
1987,225,20.25,0.6,-1.0,1.5,-1.0,-1.0,-1.0,23.4,25.9,0.00,0,13-AUG-87,11.
1987,225,20.75,2.0,-1.0,1.5,-1.0,-1.0,-1.0,22.5,25.8,0.00,0,13-AUG-87,11.
1987,225,21.25,1.9,-1.0,1.5,-1.0,-1.0,-1.0,21.9,24.8,0.00,0,13-AUG-87,11.
1987,225,21.75,2.0,-1.0,2.7,-1.0,-1.0,-1.0,21.6,24.4,0.00,0,13-AUG-87,11.
1987,225,22.25,2.3,-1.0,1.5,-1.0,-1.0,-1.0,21.8,24.8,0.00,0,13-AUG-87,11.
1987,225,22.75,2.0,-1.0,1.0,-1.0,-1.0,-1.0,21.7,24.9,0.00,0,13-AUG-87,11.
1987,225,23.25,1.8,-1.0,1.5,-1.0,-1.0,-1.0,21.6,24.9,0.00,0,13-AUG-87,11.
1987,225,23.75,1.7,-1.0,1.5,-1.0,-1.0,-1.0,21.6,25.0,0.00,0,13-AUG-87,11.
1987,226,0.25,1.7,-1.0,2.4,-1.0,-1.0,-1.0,21.5,25.0,0.00,0,14-AUG-87,11.
1987,226,0.75,1.7,-1.0,2.2,-1.0,-1.0,-1.0,21.6,25.0,0.00,0,14-AUG-87,11.
1987,226,1.25,1.8,-1.0,2.9,-1.0,-1.0,-1.0,21.6,24.9,0.00,0,14-AUG-87,11.
1987,226,1.75,1.8,-1.0,2.9,-1.0,-1.0,-1.0,21.6,24.9,0.00,0,14-AUG-87,11.
1987,226,2.25,1.7,-1.0,2.4,-1.0,-1.0,-1.0,21.7,25.1,0.00,0,14-AUG-87,11.
1987,226,2.75,1.7,-1.0,2.0,-1.0,-1.0,-1.0,21.7,25.1,0.00,0,14-AUG-87,11.
1987,226,3.25,1.9,-1.0,1.5,-1.0,-1.0,-1.0,22.0,25.8,0.00,0,14-AUG-87,11.
1987,226,3.75,2.3,-1.0,1.5,-1.0,-1.0,-1.0,22.5,26.5,0.00,0,14-AUG-87,11.
1987,226,4.25,2.2,-1.0,2.7,-1.0,-1.0,-1.0,22.6,26.8,0.00,0,14-AUG-87,11.
1987,226,4.75,1.9,-1.0,2.9,-1.0,-1.0,-1.0,22.5,26.9,0.00,0,14-AUG-87,11.
1987,226,5.25,2.6,-1.0,3.2,-1.0,-1.0,-1.0,22.6,27.2,0.00,0,14-AUG-87,11.
1987,226,5.75,1.9,-1.0,4.9,-1.0,-1.0,-1.0,22.6,27.3,0.00,0,14-AUG-87,11.
1987,226,6.25,3.2,-1.0,32.7,-1.0,-1.0,-1.0,22.6,27.3,0.00,0,14-AUG-87,11.
1987,226,6.75,3.9,-1.0,62.4,-1.0,-1.0,-1.0,22.9,27.8,0.00,0,14-AUG-87,11.
1987,226,7.25,3.8,-1.0,120.4,-1.0,-1.0,-1.0,23.2,28.3,0.00,0,14-AUG-87,11.
1987,226,7.75,3.8,-1.0,228.5,-1.0,-1.0,-1.0,23.5,28.6,0.00,0,14-AUG-87,11.
1987,226,8.25,4.2,-1.0,404.8,-1.0,-1.0,-1.0,24.3,28.7,0.00,0,14-AUG-87,11.
1987,226,8.75,4.0,-1.0,460.1,-1.0,-1.0,-1.0,25.1,28.9,0.00,0,14-AUG-87,11.
1987,226,9.25,3.4,-1.0,619.1,-1.0,-1.0,-1.0,26.3,29.2,0.00,0,14-AUG-87,11.
1987,226,9.75,3.2,-1.0,727.8,-1.0,-1.0,-1.0,27.5,29.1,0.00,0,14-AUG-87,11.
1987,226,10.25,3.4,-1.0,757.6,-1.0,-1.0,-1.0,27.3,28.7,0.00,0,14-AUG-87,11.
1987,226,10.75,3.6,-1.0,787.0,-1.0,-1.0,-1.0,28.1,28.8,0.00,0,14-AUG-87,11.
1987,226,11.25,4.0,-1.0,827.5,-1.0,-1.0,-1.0,28.8,28.5,0.00,0,14-AUG-87,11.
1987,226,11.75,3.6,-1.0,860.7,-1.0,-1.0,-1.0,29.1,27.8,0.00,0,14-AUG-87,11.
1987,226,12.25,3.7,-1.0,919.0,-1.0,-1.0,-1.0,29.7,27.5,0.00,0,14-AUG-87,11.
1987,226,12.75,4.7,-1.0,913.4,-1.0,-1.0,-1.0,30.3,26.9,0.00,0,14-AUG-87,11.
1987,226,13.25,5.2,-1.0,899.3,-1.0,-1.0,-1.0,30.8,26.3,0.00,0,14-AUG-87,11.
1987,226,13.75,5.4,-1.0,904.9,-1.0,-1.0,-1.0,31.1,26.4,0.00,0,14-AUG-87,11.
1987,226,14.25,5.5,-1.0,824.2,-1.0,-1.0,-1.0,31.5,26.9,0.00,0,14-AUG-87,11.
1987,226,14.75,5.9,-1.0,737.6,-1.0,-1.0,-1.0,31.5,28.1,0.00,0,14-AUG-87,11.
1987,226,15.25,6.4,-1.0,615.4,-1.0,-1.0,-1.0,31.8,28.6,0.00,0,14-AUG-87,11.
1987,226,15.75,6.7,-1.0,658.8,-1.0,-1.0,-1.0,31.4,29.5,0.00,0,14-AUG-87,11.
1987,226,16.25,7.5,-1.0,528.6,-1.0,-1.0,-1.0,31.6,29.6,0.00,0,14-AUG-87,11.
1987,226,16.75,7.4,-1.0,260.4,-1.0,-1.0,-1.0,31.7,28.9,0.00,0,14-AUG-87,11.
1987,226,17.25,7.0,-1.0,265.5,-1.0,-1.0,-1.0,31.7,29.3,0.00,0,14-AUG-87,11.
1987,226,17.75,6.9,-1.0,224.3,-1.0,-1.0,-1.0,31.0,28.3,0.00,0,14-AUG-87,11.
1987,226,18.25,6.5,-1.0,70.2,-1.0,-1.0,-1.0,30.5,27.3,0.00,0,14-AUG-87,11.
1987,226,18.75,5.6,-1.0,49.5,-1.0,-1.0,-1.0,29.8,27.7,0.00,0,14-AUG-87,11.
1987,226,19.25,4.3,-1.0,13.4,-1.0,-1.0,-1.0,28.8,28.0,0.00,0,14-AUG-87,11.
1987,226,19.75,3.0,-1.0,2.0,-1.0,-1.0,-1.0,27.7,28.3,0.00,0,14-AUG-87,11.
1987,226,20.25,2.7,-1.0,2.2,-1.0,-1.0,-1.0,26.5,28.7,0.00,0,14-AUG-87,11.
1987,226,20.75,4.4,-1.0,1.2,-1.0,-1.0,-1.0,26.8,28.7,0.00,0,14-AUG-87,11.
1987,226,21.25,4.9,-1.0,2.2,-1.0,-1.0,-1.0,26.9,27.7,0.00,0,14-AUG-87,11.
1987,226,21.75,4.9,-1.0,2.7,-1.0,-1.0,-1.0,26.4,27.0,0.00,0,14-AUG-87,11.
1987,226,22.25,6.1,-1.0,2.7,-1.0,-1.0,-1.0,26.4,26.7,0.00,0,14-AUG-87,11.
1987,226,22.75,6.6,-1.0,2.7,-1.0,-1.0,-1.0,26.4,27.1,0.00,0,14-AUG-87,11.
1987,226,23.25,6.8,-1.0,2.7,-1.0,-1.0,-1.0,26.2,27.4,0.00,0,14-AUG-87,11.
1987,226,23.75,6.1,-1.0,2.2,-1.0,-1.0,-1.0,25.8,27.6,0.00,0,14-AUG-87,11.
1987,227,0.25,6.3,-1.0,0.7,-1.0,-1.0,-1.0,25.5,27.8,0.00,0,15-AUG-87,11.
1987,227,0.75,6.3,-1.0,1.5,-1.0,-1.0,-1.0,25.3,28.0,0.00,0,15-AUG-87,11.
1987,227,1.25,6.5,-1.0,1.2,-1.0,-1.0,-1.0,25.4,28.0,0.00,0,15-AUG-87,11.
1987,227,1.75,6.1,-1.0,1.5,-1.0,-1.0,-1.0,25.2,27.8,0.00,0,15-AUG-87,11.
1987,227,2.25,5.7,-1.0,1.5,-1.0,-1.0,-1.0,24.8,27.5,0.00,0,15-AUG-87,11.
1987,227,2.75,5.6,-1.0,1.5,-1.0,-1.0,-1.0,24.9,26.9,0.00,0,15-AUG-87,11.
1987,227,3.25,5.5,-1.0,1.5,-1.0,-1.0,-1.0,24.9,26.1,0.00,0,15-AUG-87,11.
1987,227,3.75,5.3,-1.0,1.5,-1.0,-1.0,-1.0,24.7,25.4,0.00,0,15-AUG-87,11.
1987,227,4.25,6.1,-1.0,2.7,-1.0,-1.0,-1.0,24.8,24.8,0.00,0,15-AUG-87,11.
1987,227,4.75,5.6,-1.0,2.9,-1.0,-1.0,-1.0,24.6,24.4,0.00,0,15-AUG-87,11.
1987,227,5.25,5.8,-1.0,2.7,-1.0,-1.0,-1.0,24.4,24.1,0.00,0,15-AUG-87,11.
1987,227,5.75,5.8,-1.0,11.0,-1.0,-1.0,-1.0,24.3,23.9,0.00,0,15-AUG-87,11.
1987,227,6.25,5.6,-1.0,61.9,-1.0,-1.0,-1.0,24.5,23.8,0.00,0,15-AUG-87,11.
1987,227,6.75,5.2,-1.0,149.2,-1.0,-1.0,-1.0,25.0,24.0,0.00,0,15-AUG-87,11.
1987,227,7.25,5.7,-1.0,243.4,-1.0,-1.0,-1.0,26.0,24.0,0.00,0,15-AUG-87,11.
1987,227,7.75,6.4,-1.0,340.1,-1.0,-1.0,-1.0,26.8,24.1,0.00,0,15-AUG-87,11.
1987,227,8.25,6.7,-1.0,439.9,-1.0,-1.0,-1.0,27.7,24.3,0.00,0,15-AUG-87,11.
1987,227,8.75,6.6,-1.0,535.0,-1.0,-1.0,-1.0,28.6,24.5,0.00,0,15-AUG-87,11.
1987,227,9.25,6.9,-1.0,626.9,-1.0,-1.0,-1.0,29.5,24.9,0.00,0,15-AUG-87,11.
1987,227,9.75,7.2,-1.0,708.6,-1.0,-1.0,-1.0,30.2,25.2,0.00,0,15-AUG-87,11.
1987,227,10.25,7.1,-1.0,778.3,-1.0,-1.0,-1.0,30.8,25.5,0.00,0,15-AUG-87,11.
1987,227,10.75,6.9,-1.0,836.8,-1.0,-1.0,-1.0,31.5,25.9,0.00,0,15-AUG-87,11.
1987,227,11.25,6.6,-1.0,882.2,-1.0,-1.0,-1.0,32.0,26.5,0.00,0,15-AUG-87,11.
1987,227,11.75,6.0,-1.0,908.8,-1.0,-1.0,-1.0,32.5,27.1,0.00,0,15-AUG-87,11.
1987,227,12.25,6.6,-1.0,923.2,-1.0,-1.0,-1.0,32.8,27.4,0.00,0,15-AUG-87,11.
1987,227,12.75,6.8,-1.0,908.0,-1.0,-1.0,-1.0,33.2,28.0,0.00,0,15-AUG-87,11.
1987,227,13.25,7.2,-1.0,883.0,-1.0,-1.0,-1.0,33.4,28.3,0.00,0,15-AUG-87,11.
1987,227,13.75,7.6,-1.0,879.5,-1.0,-1.0,-1.0,33.7,28.5,0.00,0,15-AUG-87,11.
1987,227,14.25,8.2,-1.0,834.9,-1.0,-1.0,-1.0,33.8,28.6,0.00,0,15-AUG-87,11.
1987,227,14.75,8.4,-1.0,773.0,-1.0,-1.0,-1.0,33.9,28.8,0.00,0,15-AUG-87,11.
1987,227,15.25,8.5,-1.0,705.2,-1.0,-1.0,-1.0,33.9,28.7,0.00,0,15-AUG-87,11.
1987,227,15.75,9.0,-1.0,627.4,-1.0,-1.0,-1.0,33.8,28.6,0.00,0,15-AUG-87,11.
1987,227,16.25,9.1,-1.0,537.4,-1.0,-1.0,-1.0,33.6,28.7,0.00,0,15-AUG-87,11.
1987,227,16.75,8.8,-1.0,440.6,-1.0,-1.0,-1.0,33.4,28.4,0.00,0,15-AUG-87,11.
1987,227,17.25,8.3,-1.0,334.0,-1.0,-1.0,-1.0,32.9,27.8,0.00,0,15-AUG-87,11.
1987,227,17.75,8.9,-1.0,237.0,-1.0,-1.0,-1.0,32.5,27.6,0.00,0,15-AUG-87,11.
1987,227,18.25,9.2,-1.0,69.0,-1.0,-1.0,-1.0,32.0,27.9,0.00,0,15-AUG-87,11.
1987,227,18.75,7.5,-1.0,51.9,-1.0,-1.0,-1.0,31.1,28.3,0.00,0,15-AUG-87,11.
1987,227,19.25,6.8,-1.0,11.7,-1.0,-1.0,-1.0,30.3,28.0,0.00,0,15-AUG-87,11.
1987,227,19.75,5.8,-1.0,2.7,-1.0,-1.0,-1.0,29.4,28.6,0.00,0,15-AUG-87,11.
1987,227,20.25,5.8,-1.0,1.7,-1.0,-1.0,-1.0,28.6,29.4,0.00,0,15-AUG-87,11.
1987,227,20.75,6.9,-1.0,2.0,-1.0,-1.0,-1.0,28.5,29.3,0.00,0,15-AUG-87,11.
1987,227,21.25,7.2,-1.0,1.7,-1.0,-1.0,-1.0,28.5,29.4,0.00,0,15-AUG-87,11.
1987,227,21.75,8.4,-1.0,1.5,-1.0,-1.0,-1.0,28.3,28.8,0.00,0,15-AUG-87,11.
1987,227,22.25,9.0,-1.0,0.5,-1.0,-1.0,-1.0,28.3,28.1,0.00,0,15-AUG-87,11.
1987,227,22.75,8.6,-1.0,1.2,-1.0,-1.0,-1.0,28.1,27.4,0.00,0,15-AUG-87,11.
1987,227,23.25,8.7,-1.0,1.5,-1.0,-1.0,-1.0,27.9,27.2,0.00,0,15-AUG-87,11.
1987,227,23.75,8.9,-1.0,1.5,-1.0,-1.0,-1.0,27.8,26.5,0.00,0,15-AUG-87,11.
1987,228,0.25,8.3,-1.0,1.5,-1.0,-1.0,-1.0,27.6,26.0,0.00,0,16-AUG-87,11.
1987,228,0.75,7.9,-1.0,1.5,-1.0,-1.0,-1.0,27.0,26.1,0.00,0,16-AUG-87,11.
1987,228,1.25,8.2,-1.0,2.0,-1.0,-1.0,-1.0,26.8,26.2,0.00,0,16-AUG-87,11.
1987,228,1.75,8.5,-1.0,2.7,-1.0,-1.0,-1.0,26.8,26.3,0.00,0,16-AUG-87,11.
1987,228,2.25,8.2,-1.0,2.4,-1.0,-1.0,-1.0,26.6,26.1,0.00,0,16-AUG-87,11.
1987,228,2.75,8.3,-1.0,2.7,-1.0,-1.0,-1.0,26.6,25.9,0.00,0,16-AUG-87,11.
1987,228,3.25,8.1,-1.0,2.2,-1.0,-1.0,-1.0,26.5,25.6,0.00,0,16-AUG-87,11.
1987,228,3.75,7.6,-1.0,2.4,-1.0,-1.0,-1.0,26.4,25.3,0.00,0,16-AUG-87,11.
1987,228,4.25,8.2,-1.0,2.2,-1.0,-1.0,-1.0,26.4,24.6,0.00,0,16-AUG-87,11.
1987,228,4.75,7.7,-1.0,1.2,-1.0,-1.0,-1.0,26.3,24.1,0.00,0,16-AUG-87,11.
1987,228,5.25,7.9,-1.0,1.5,-1.0,-1.0,-1.0,25.9,23.9,0.00,0,16-AUG-87,11.
1987,228,5.75,8.0,-1.0,7.3,-1.0,-1.0,-1.0,25.7,23.8,0.00,0,16-AUG-87,11.
1987,228,6.25,8.9,-1.0,53.4,-1.0,-1.0,-1.0,26.1,23.6,0.00,0,16-AUG-87,11.
1987,228,6.75,6.5,-1.0,141.4,-1.0,-1.0,-1.0,26.4,23.9,0.00,0,16-AUG-87,11.
1987,228,7.25,6.2,-1.0,243.6,-1.0,-1.0,-1.0,26.7,24.4,0.00,0,16-AUG-87,11.
1987,228,7.75,6.4,-1.0,337.0,-1.0,-1.0,-1.0,27.4,24.7,0.00,0,16-AUG-87,11.
1987,228,8.25,6.0,-1.0,438.4,-1.0,-1.0,-1.0,28.1,24.8,0.00,0,16-AUG-87,11.
1987,228,8.75,5.8,-1.0,537.4,-1.0,-1.0,-1.0,28.7,24.8,0.00,0,16-AUG-87,11.
1987,228,9.25,5.0,-1.0,628.8,-1.0,-1.0,-1.0,29.2,24.3,0.00,0,16-AUG-87,11.
1987,228,9.75,4.5,-1.0,701.8,-1.0,-1.0,-1.0,29.5,24.1,0.00,0,16-AUG-87,11.
1987,228,10.25,4.4,-1.0,767.6,-1.0,-1.0,-1.0,29.7,25.0,0.00,0,16-AUG-87,11.
1987,228,10.75,3.9,-1.0,831.2,-1.0,-1.0,-1.0,29.7,25.9,0.00,0,16-AUG-87,11.
1987,228,11.25,3.9,-1.0,818.3,-1.0,-1.0,-1.0,30.2,26.7,0.00,0,16-AUG-87,11.
1987,228,11.75,4.6,-1.0,719.1,-1.0,-1.0,-1.0,29.8,27.5,0.00,0,16-AUG-87,11.
1987,228,12.25,6.3,-1.0,914.9,-1.0,-1.0,-1.0,29.6,26.9,0.00,0,16-AUG-87,11.
1987,228,12.75,4.2,-1.0,927.8,-1.0,-1.0,-1.0,30.0,25.2,0.00,0,16-AUG-87,11.
1987,228,13.25,3.6,-1.0,923.4,-1.0,-1.0,-1.0,30.3,23.8,0.00,0,16-AUG-87,11.
1987,228,13.75,3.7,-1.0,897.5,-1.0,-1.0,-1.0,30.9,21.8,0.00,0,16-AUG-87,11.
1987,228,14.25,3.8,-1.0,852.2,-1.0,-1.0,-1.0,31.5,20.2,0.00,0,16-AUG-87,11.
1987,228,14.75,4.2,-1.0,794.2,-1.0,-1.0,-1.0,31.9,19.2,0.00,0,16-AUG-87,11.
1987,228,15.25,4.7,-1.0,725.9,-1.0,-1.0,-1.0,32.2,18.1,0.00,0,16-AUG-87,11.
1987,228,15.75,5.0,-1.0,647.4,-1.0,-1.0,-1.0,32.1,17.6,0.00,0,16-AUG-87,11.
1987,228,16.25,5.0,-1.0,556.2,-1.0,-1.0,-1.0,31.8,17.8,0.00,0,16-AUG-87,11.
1987,228,16.75,4.5,-1.0,460.1,-1.0,-1.0,-1.0,31.4,18.0,0.00,0,16-AUG-87,11.
1987,228,17.25,4.3,-1.0,354.5,-1.0,-1.0,-1.0,30.6,18.4,0.00,0,16-AUG-87,11.
1987,228,17.75,3.9,-1.0,253.3,-1.0,-1.0,-1.0,29.8,18.6,0.00,0,16-AUG-87,11.
1987,228,18.25,3.3,-1.0,67.8,-1.0,-1.0,-1.0,28.6,18.1,0.00,0,16-AUG-87,11.
1987,228,18.75,3.2,-1.0,57.1,-1.0,-1.0,-1.0,26.8,15.7,0.00,0,16-AUG-87,11.
1987,228,19.25,2.5,-1.0,12.4,-1.0,-1.0,-1.0,24.7,16.0,0.00,0,16-AUG-87,11.
1987,228,19.75,1.8,-1.0,2.0,-1.0,-1.0,-1.0,24.7,16.0,0.00,0,16-AUG-87,11.
1987,228,20.25,1.5,-1.0,1.7,-1.0,-1.0,-1.0,25.1,15.9,0.00,0,16-AUG-87,11.
1987,228,20.75,1.1,-1.0,2.0,-1.0,-1.0,-1.0,25.9,15.3,0.00,0,16-AUG-87,11.
1987,228,21.25,0.9,-1.0,2.9,-1.0,-1.0,-1.0,25.9,14.8,0.00,0,16-AUG-87,11.
1987,228,21.75,1.0,-1.0,0.0,-1.0,-1.0,-1.0,25.9,14.3,0.00,0,16-AUG-87,11.
1987,228,22.25,1.1,-1.0,0.0,-1.0,-1.0,-1.0,25.8,13.0,0.00,0,16-AUG-87,11.
1987,228,22.75,1.2,-1.0,2.0,-1.0,-1.0,-1.0,25.8,13.4,0.00,0,16-AUG-87,11.
1987,228,23.25,1.8,-1.0,0.0,-1.0,-1.0,-1.0,26.2,13.2,0.00,0,16-AUG-87,11.
1987,228,23.75,2.3,-1.0,1.2,-1.0,-1.0,-1.0,25.6,14.2,0.00,0,16-AUG-87,11.
1987,229,0.25,2.7,-1.0,2.4,-1.0,-1.0,-1.0,22.2,15.2,0.00,0,17-AUG-87,11.
1987,229,0.75,3.2,-1.0,2.0,-1.0,-1.0,-1.0,19.2,15.7,0.00,0,17-AUG-87,11.
1987,229,1.25,2.9,-1.0,1.2,-1.0,-1.0,-1.0,19.5,15.5,0.00,0,17-AUG-87,11.
1987,229,1.75,2.5,-1.0,0.3,-1.0,-1.0,-1.0,21.1,15.1,0.00,0,17-AUG-87,11.
1987,229,2.25,2.9,-1.0,3.9,-1.0,-1.0,-1.0,20.0,15.6,0.00,0,17-AUG-87,11.
1987,229,2.75,2.2,-1.0,3.4,-1.0,-1.0,-1.0,21.0,15.4,0.00,0,17-AUG-87,11.
1987,229,3.25,2.3,-1.0,2.7,-1.0,-1.0,-1.0,20.7,15.5,0.00,0,17-AUG-87,11.
1987,229,3.75,2.2,-1.0,1.5,-1.0,-1.0,-1.0,21.0,15.3,0.00,0,17-AUG-87,11.
1987,229,4.25,2.8,-1.0,1.5,-1.0,-1.0,-1.0,20.3,15.4,0.00,0,17-AUG-87,11.
1987,229,4.75,3.3,-1.0,1.5,-1.0,-1.0,-1.0,19.0,15.6,0.00,0,17-AUG-87,11.
1987,229,5.25,3.2,-1.0,2.0,-1.0,-1.0,-1.0,18.5,15.7,0.00,0,17-AUG-87,11.
1987,229,5.75,3.1,-1.0,11.7,-1.0,-1.0,-1.0,18.5,15.9,0.00,0,17-AUG-87,11.
1987,229,6.25,2.5,-1.0,64.1,-1.0,-1.0,-1.0,19.9,15.8,0.00,0,17-AUG-87,11.
1987,229,6.75,2.6,-1.0,154.1,-1.0,-1.0,-1.0,21.3,16.7,0.00,0,17-AUG-87,11.
1987,229,7.25,2.2,-1.0,254.8,-1.0,-1.0,-1.0,22.7,17.7,0.00,0,17-AUG-87,11.
1987,229,7.75,1.5,-1.0,354.0,-1.0,-1.0,-1.0,24.7,17.7,0.00,0,17-AUG-87,11.
1987,229,8.25,0.4,-1.0,445.7,-1.0,-1.0,-1.0,25.5,18.2,0.00,0,17-AUG-87,11.
1987,229,8.75,1.8,-1.0,546.4,-1.0,-1.0,-1.0,26.8,17.3,0.00,0,17-AUG-87,11.
1987,229,9.25,1.5,-1.0,639.1,-1.0,-1.0,-1.0,27.8,17.0,0.00,0,17-AUG-87,11.
1987,229,9.75,1.3,-1.0,719.3,-1.0,-1.0,-1.0,28.7,16.0,0.00,0,17-AUG-87,11.
1987,229,10.25,2.3,-1.0,791.7,-1.0,-1.0,-1.0,28.6,19.2,0.00,0,17-AUG-87,11.
1987,229,10.75,3.1,-1.0,830.7,-1.0,-1.0,-1.0,28.5,20.9,0.00,0,17-AUG-87,11.
1987,229,11.25,2.7,-1.0,891.9,-1.0,-1.0,-1.0,29.6,18.0,0.00,0,17-AUG-87,11.
1987,229,11.75,2.7,-1.0,915.1,-1.0,-1.0,-1.0,29.8,17.6,0.00,0,17-AUG-87,11.
1987,229,12.25,3.6,-1.0,932.4,-1.0,-1.0,-1.0,30.2,17.1,0.00,0,17-AUG-87,11.
1987,229,12.75,3.7,-1.0,934.1,-1.0,-1.0,-1.0,30.6,18.0,0.00,0,17-AUG-87,11.
1987,229,13.25,3.9,-1.0,915.8,-1.0,-1.0,-1.0,31.2,17.9,0.00,0,17-AUG-87,11.
1987,229,13.75,5.0,-1.0,888.3,-1.0,-1.0,-1.0,31.5,16.0,0.00,0,17-AUG-87,11.
1987,229,14.25,5.3,-1.0,843.4,-1.0,-1.0,-1.0,31.4,17.1,0.00,0,17-AUG-87,11.
1987,229,14.75,5.6,-1.0,783.4,-1.0,-1.0,-1.0,31.4,18.3,0.00,0,17-AUG-87,11.
1987,229,15.25,5.8,-1.0,708.8,-1.0,-1.0,-1.0,31.3,19.3,0.00,0,17-AUG-87,11.
1987,229,15.75,5.6,-1.0,622.8,-1.0,-1.0,-1.0,31.1,20.3,0.00,0,17-AUG-87,11.
1987,229,16.25,5.4,-1.0,532.3,-1.0,-1.0,-1.0,31.0,21.6,0.00,0,17-AUG-87,11.
1987,229,16.75,5.3,-1.0,433.8,-1.0,-1.0,-1.0,30.7,22.3,0.00,0,17-AUG-87,11.
1987,229,17.25,5.0,-1.0,335.5,-1.0,-1.0,-1.0,30.3,23.0,0.00,0,17-AUG-87,11.
1987,229,17.75,4.3,-1.0,230.2,-1.0,-1.0,-1.0,29.8,23.8,0.00,0,17-AUG-87,11.
1987,229,18.25,3.3,-1.0,67.8,-1.0,-1.0,-1.0,28.6,18.1,0.00,0,17-AUG-87,11.
1987,229,18.75,3.2,-1.0,57.1,-1.0,-1.0,-1.0,26.8,15.7,0.00,0,17-AUG-87,11.
1987,229,19.25,2.5,-1.0,12.4,-1.0,-1.0,-1.0,24.7,16.0,0.00,0,17-AUG-87,11.
1987,229,19.75,1.8,-1.0,2.0,-1.0,-1.0,-1.0,24.7,16.0,0.00,0,17-AUG-87,11.
1987,229,20.25,1.5,-1.0,1.7,-1.0,-1.0,-1.0,25.1,15.9,0.00,0,17-AUG-87,11.
1987,229,20.75,1.1,-1.0,2.0,-1.0,-1.0,-1.0,25.9,15.3,0.00,0,17-AUG-87,11.
1987,229,21.25,0.9,-1.0,2.9,-1.0,-1.0,-1.0,25.9,14.8,0.00,0,17-AUG-87,11.
1987,229,21.75,1.0,-1.0,0.0,-1.0,-1.0,-1.0,25.9,14.3,0.00,0,17-AUG-87,11.
1987,229,22.25,1.1,-1.0,0.0,-1.0,-1.0,-1.0,25.8,13.9,0.00,0,17-AUG-87,11.
1987,229,22.75,1.2,-1.0,2.0,-1.0,-1.0,-1.0,25.8,13.4,0.00,0,17-AUG-87,11.
1987,229,23.25,1.8,-1.0,0.0,-1.0,-1.0,-1.0,26.2,13.2,0.00,0,17-AUG-87,11.
1987,229,23.75,2.3,-1.0,1.2,-1.0,-1.0,-1.0,25.6,14.2,0.00,0,17-AUG-87,11.
1987,230,00.00,2.3,-1.0,1.2,-1.0,-1.0,-1.0,25.6,14.2,0.00,0,17-AUG-87,11.
